[
  { "id": "atlanta", "name": "Atlanta ERO", "city": "Atlanta", "state": "GA", "lat": 33.749, "lng": -84.388, "area": "Georgia, North Carolina, South Carolina" },
  { "id": "baltimore", "name": "Baltimore ERO", "city": "Baltimore", "state": "MD", "lat": 39.29, "lng": -76.612, "area": "Maryland" },
  { "id": "boston", "name": "Boston ERO", "city": "Burlington", "state": "MA", "lat": 42.505, "lng": -71.195, "area": "CT, ME, MA, NH, RI, VT" },
  { "id": "buffalo", "name": "Buffalo ERO", "city": "Buffalo", "state": "NY", "lat": 42.886, "lng": -78.878, "area": "Upstate New York" },
  { "id": "chicago", "name": "Chicago ERO", "city": "Chicago", "state": "IL", "lat": 41.878, "lng": -87.63, "area": "Illinois, Indiana, Wisconsin" },
  { "id": "dallas", "name": "Dallas ERO", "city": "Dallas", "state": "TX", "lat": 32.777, "lng": -96.797, "area": "North Texas, Oklahoma" },
  { "id": "denver", "name": "Denver ERO", "city": "Denver", "state": "CO", "lat": 39.739, "lng": -104.99, "area": "Colorado, Wyoming" },
  { "id": "detroit", "name": "Detroit ERO", "city": "Detroit", "state": "MI", "lat": 42.331, "lng": -83.046, "area": "Michigan, Ohio" },
  { "id": "el-paso", "name": "El Paso ERO", "city": "El Paso", "state": "TX", "lat": 31.762, "lng": -106.485, "area": "West Texas, New Mexico" },
  { "id": "houston", "name": "Houston ERO", "city": "Houston", "state": "TX", "lat": 29.76, "lng": -95.37, "area": "South Texas" },
  { "id": "los-angeles", "name": "Los Angeles ERO", "city": "Los Angeles", "state": "CA", "lat": 34.052, "lng": -118.244, "area": "Southern California" },
  { "id": "miami", "name": "Miami ERO", "city": "Miami", "state": "FL", "lat": 25.762, "lng": -80.191, "area": "Florida, Puerto Rico" },
  { "id": "new-orleans", "name": "New Orleans ERO", "city": "New Orleans", "state": "LA", "lat": 29.951, "lng": -90.071, "area": "Louisiana, Mississippi, Alabama, Arkansas, Tennessee, Kentucky" },
  { "id": "new-york", "name": "New York ERO", "city": "New York", "state": "NY", "lat": 40.713, "lng": -74.006, "area": "New York City, Long Island, Hudson Valley" },
  { "id": "newark", "name": "Newark ERO", "city": "Newark", "state": "NJ", "lat": 40.736, "lng": -74.172, "area": "New Jersey" },
  { "id": "philadelphia", "name": "Philadelphia ERO", "city": "Philadelphia", "state": "PA", "lat": 39.953, "lng": -75.165, "area": "Pennsylvania, West Virginia, Delaware" },
  { "id": "phoenix", "name": "Phoenix ERO", "city": "Phoenix", "state": "AZ", "lat": 33.448, "lng": -112.074, "area": "Arizona" },
  { "id": "salt-lake", "name": "Salt Lake City ERO", "city": "Salt Lake City", "state": "UT", "lat": 40.761, "lng": -111.891, "area": "Utah, Nevada, Idaho, Montana" },
  { "id": "san-antonio", "name": "San Antonio ERO", "city": "San Antonio", "state": "TX", "lat": 29.424, "lng": -98.494, "area": "Central Texas" },
  { "id": "san-diego", "name": "San Diego ERO", "city": "San Diego", "state": "CA", "lat": 32.716, "lng": -117.161, "area": "San Diego, Imperial County" },
  { "id": "san-francisco", "name": "San Francisco ERO", "city": "San Francisco", "state": "CA", "lat": 37.775, "lng": -122.419, "area": "Northern California, Nevada" },
  { "id": "seattle", "name": "Seattle ERO", "city": "Seattle", "state": "WA", "lat": 47.606, "lng": -122.332, "area": "Washington, Oregon, Alaska" },
  { "id": "st-paul", "name": "St. Paul ERO", "city": "St. Paul", "state": "MN", "lat": 44.954, "lng": -93.09, "area": "Minnesota, Iowa, Nebraska, South Dakota, North Dakota" },
  { "id": "washington-dc", "name": "Washington D.C. ERO", "city": "Washington", "state": "DC", "lat": 38.907, "lng": -77.037, "area": "District of Columbia, Virginia" }
]
